Model,Accuracy,AUC,Precision,Recall,F1,MCC
Logistic Regression,0.8858695652173914,0.9296987087517934,0.8715596330275229,0.9313725490196079,0.9004739336492891,0.7693833294492657
Decision Tree,0.7934782608695652,0.7943567670970827,0.82,0.803921568627451,0.8118811881188119,0.5831557230659997
KNN,0.8967391304347826,0.9423122907699665,0.8952380952380953,0.9215686274509803,0.9082125603864735,0.790690496835461
Naive Bayes,0.9130434782608695,0.9451219512195121,0.93,0.9117647058823529,0.9207920792079208,0.8246260961195151
Random Forest,0.8695652173913043,0.9300573888091822,0.8823529411764706,0.8823529411764706,0.8823529411764706,0.7360114777618364
XGBoost,0.8804347826086957,0.9340028694404591,0.8921568627450981,0.8921568627450981,0.8921568627450981,0.7580105212816834
